{"cameraMode":{"drawMode":0,"name":"Shaded","section":"Shading Mode"},"sceneLighting":true,"audioPlay":false,"sceneViewState":{"m_AlwaysRefresh":false,"showFog":true,"showSkybox":true,"showFlares":true,"showImageEffects":true,"showParticleSystems":true,"showVisualEffectGraphs":true,"m_FxEnabled":true},"in2DMode":false,"pivot":{"x":3.5663251876831056,"y":0.3010406494140625,"z":0.0855695828795433},"rotation":{"x":0.2834797203540802,"y":-0.6477957367897034,"z":0.28347980976104739,"w":0.6477957963943481},"size":5.712583065032959,"orthographic":false}