{"cameraMode":{"drawMode":0,"name":"Shaded","section":"Shading Mode"},"sceneLighting":true,"audioPlay":false,"sceneViewState":{"m_AlwaysRefresh":false,"showFog":true,"showSkybox":true,"showFlares":true,"showImageEffects":true,"showParticleSystems":true,"showVisualEffectGraphs":true,"m_FxEnabled":true},"in2DMode":false,"pivot":{"x":-0.23000001907348634,"y":0.025000011548399926,"z":19.360000610351564},"rotation":{"x":0.33301204442977908,"y":-0.47888803482055666,"z":0.20275329053401948,"w":0.7865513563156128},"size":1.9245494604110718,"orthographic":false}