{"cameraMode":{"drawMode":0,"name":"Shaded","section":"Shading Mode"},"sceneLighting":true,"audioPlay":false,"sceneViewState":{"m_AlwaysRefresh":false,"showFog":true,"showSkybox":true,"showFlares":true,"showImageEffects":true,"showParticleSystems":true,"showVisualEffectGraphs":true,"m_FxEnabled":true},"in2DMode":false,"pivot":{"x":7.444397926330566,"y":1.1299617290496827,"z":-0.16943585872650147},"rotation":{"x":0.16123609244823457,"y":-0.6593297719955444,"z":0.14778509736061097,"w":0.7193396687507629},"size":3.802513599395752,"orthographic":false}