{"cameraMode":{"drawMode":0,"name":"Shaded","section":"Shading Mode"},"sceneLighting":true,"audioPlay":false,"sceneViewState":{"m_AlwaysRefresh":false,"showFog":true,"showSkybox":true,"showFlares":true,"showImageEffects":true,"showParticleSystems":true,"showVisualEffectGraphs":true,"m_FxEnabled":true},"in2DMode":false,"pivot":{"x":6.412502288818359,"y":0.29537320137023928,"z":2.325418710708618},"rotation":{"x":0.16908061504364015,"y":-0.6514862179756165,"z":0.15219756960868836,"w":0.7237522006034851},"size":3.524583578109741,"orthographic":false}