{"cameraMode":{"drawMode":0,"name":"Shaded","section":"Shading Mode"},"sceneLighting":true,"audioPlay":false,"sceneViewState":{"m_AlwaysRefresh":false,"showFog":true,"showSkybox":true,"showFlares":true,"showImageEffects":true,"showParticleSystems":true,"showVisualEffectGraphs":true,"m_FxEnabled":true},"in2DMode":false,"pivot":{"x":8.514117240905762,"y":0.2878307104110718,"z":1.5486944913864136},"rotation":{"x":0.06587278097867966,"y":-0.6496711373329163,"z":0.05666368827223778,"w":0.7552367448806763},"size":0.09730586409568787,"orthographic":false}